topic_id,definition
0,0 - agend per vot favor punt Draghi programm italian propost mett
1,1 - cos sinistr Luca a altro e sol de la tant
2,2 - vot poi lavor si per nuov paes popul @forza_ital giovan
3,3 - stat mand Conte prim fin govern üëâ quest Draghi elettoral
4,4 - complet guard üëâüèª vide forz Italia lavor programm vot vogl
5,5 - coalizion govern destr vot util part sinistr unic paes esist
6,6 - aspett vi oggi staser ser doman elettoral dirett piazz parl
7,7 - paes a nell Italia far √® in un pen nessun
8,8 - 25 settembr #cred #25settembrevotoleg scegl Lega italian cred confin torn
9,9 - pension entusiasm a la Italia anni passion venerd Milano vot
10,10 - legg in sempr ora Italia e giovan part mai far
11,11 - ide camb unic paes propr vot vogl stop grand esser
12,12 - Lega #25settembrevotoleg graz italian tass 25 settembr patrimonial com aiut
13,13 - #scegl #25settembrevotopd propost ser ier la interv daj vuol dall
14,14 - Draghi prim govern polit stess rigassif napol giorn far cos
15,15 - vinc fest üí™ tant domen Lega vogl bell unit graz
16,16 - viv sbagl volontar pens andat Italia pd govern fors non
17,17 - lavor prim cancell la paes dev anni part gi√† vogl
18,18 - ben sper non parl brav esser cert prim person torn
19,19 - italian vot Italia mer #cred liber tass vogl giovan noi
20,20 - @rtl1025 dop anni flat tax legg tre conferm l'interv bast
21,21 - una gioc speranz govern sol cos alcun non redd prim
22,22 - candid ogni giorn colleg present due punt #italiasulser list camer
23,23 - la lavor polit scegl molt san per son camb appell
24,24 - lavor centr il tass stat giovan pension aument sinistr torn
25,25 - impres famigl bollett prezz propost tett energ europe cost decret
26,26 - mattin tant part quest pens ecco amic esser stat pomerigg
27,27 - russ Putin oggi manc fatt non decret Berlusconi polit il
28,28 - vot non citt compagn insegn sinistr pd il e decid
29,29 - 5s non elettor vot noi @mara_carfagn lavor vuol mai tutt
30,30 - per accord un garant sinistr stim sol la stat apert
31,31 - rispett sol accord difend govern la cittadin uman europe mar
32,32 - vot pot altri polit govern present min part sostegn non
33,33 - poc ci ved tra dirett amic #dallapartegiust streaming forum doman
34,34 - pagin facebook dirett segu ora dettagl canal #cred polit graz
35,35 - part esser vot far candid nuov per pu√≤ nessun arriv
36,36 - Italia pront il #italiasulser siam risollev centrodestr dic vot unit
37,37 - di Maio cos Salvini pd govern Meloni Fratoianni Letta Conte
38,38 - esser l dev govern Italia #bollett le ora far ferm
39,39 - avant ho region port la ascolt quest parl mattin mi
40,40 - #dallapartegiust star cos poss Milano altro scegl oggi #italiasulser post
41,41 - vot il Salvini fatt social destr oggi aiut stat a
42,42 - ferm ministr quand vol difend fatt #25settembrevotoleg il sinistr arriv
43,43 - #alleanzaverdisinistr ospit ore #elezionipolitiche2022 @raitr @agorara #elezionipolitiche22 luned non @piu_europ
44,44 - la govern cos polit Draghi mai vot paes fin chied
45,45 - no ‚Ä¶ Italia continu stat dic dir sinistr cittadin lavor
46,46 - nucl bollett gas pag pul luc energ il Italia chi
47,47 - grand abbracc tant paes graz un sempr avant affett splendid
48,48 - stat destr govern Letta batt programm prem esser fil part
49,49 - vot forz dev Italia govern italian #zonabianc il 25 settembr
50,50 - sembr europ @piu_europ ma Salvini chied dif cos assurd @repubbl
51,51 - ser quest intervist ret 4 Rai anni la dop @pdnetwork
52,52 - eur sub fin la azi lavor in invest #italiasulser dedic
53,53 - dirett segu qui Ô∏è ora ‚§µ guerr poch che üëáüèª
54,54 - vot sol cos parl esser stat sempr anni lavor son
55,55 - test Italia il perd te person sol paes vot lavor
56,56 - ci√≤ govern e vot person dic buon Draghi parl campagn
57,57 - polit dop con lavor sinistr cresc giorn blocc occorr Italia
58,58 - domand rispond cos la e Italia sinistr volt perc ripet
59,59 - realizz cred il italian polem Italia anni cos mai super
60,60 - italian lavor pur fianc 2022 prezios povert vot sbarc squadr
61,61 - #votafd #melon #elezionipolitiche2022 @fratellidital ora 25 settembr sempr far miglior
62,62 - #25settembrevotoleg #cred üáÆüáπ Lega propr che orgogl Italia oggi qui
63,63 - 1/2 2/2 donn ricord e giovan la il vit libert
64,64 - lavor tour anche altro parl tapp oggi Europa @enricolett fiduc
65,65 - elettoral campagn cos la Salvini oggi Meloni l'ital grand part
66,66 - in dirett seguitem üòä #25settembrevotoleg stat #cred amic parl Lega
67,67 - per e govern Italia 25 part elezion settembr sinistr paes
68,68 - priorit c'√® vogl cittadin vot corr diritt italian prend caric
69,69 - incontr polit fatt giorn sicur quand e pd tant difficolt
70,70 - la interv stat fa anni oggi per noi democraz ser
71,71 - ‚Å© ‚Å¶ @enricolett @pdnetwork @giorgiamelon @berluscon @matteosalvinim @giuseppeconteit doman chiar
72,72 - buon amic buongiorn dirett @la7tv giorn oggi poc poi ora
73,73 - Draghi programm @azione_it present fatt il cad @piu_europ sempr cittadin
74,74 - centr alle Italia ancor europe üí™üèª Orban un Putin grand
75,75 - se vot ma dic vinc pd mai lavor Letta dop
76,76 - democrat allarm polit bast ma #terzopol verit senz respons liberal
77,77 - lavor 5 la fatt anni stat estend Letta govern redd
78,78 - il esser l chi mond sol govern europe grand ...
79,79 - cap scegl mod Italia #salvin se pd #tg4 senz Veneto
80,80 - Giorgia de Meloni appunt doman #domenicavotoleg programm Italia govern dopp
81,81 - giustiz e sap italian riform pd per fatem Enrico cont
82,82 - liberal @forza_ital popolar #25settembrevotoforzaital pian sempr arriv insiem rigassif territor
83,83 - elettoral campagn programm part @mov5stell parl @radio1ra √® cost molt
84,84 - poss destr sinistr lavor per ser #drag govern insiem camp
85,85 - post temp chius lavor non la fatt govern le salv
86,86 - con insult a sindac fin ultim voc italian scuol cos
87,87 - gioved √® #italiasulser intervent part Draghi @enricolett far campagn programm
88,88 - cuor coragg il ancor Italia camb sempr settembr 25 torn
89,89 - senz iniz direttor sempr condann #italiasulser @lastamp realt settembr la
90,90 - econom ecco amor famigl europe Meloni Italia stat cittadin e
91,91 - fra vot Italia non lavor mai i fatt oggi il
92,92 - rest üëè ii lott giovan ... i polit straordinar prossim
93,93 - s√¨ lavor graz tant rdc #pontida22 favorevol @matteorenz energet bonus
94,94 - Draghi govern il settembr 25 fatt fors stat sol part
95,95 - stat rigassif sempr √® oggi avant social insiem il prim
96,96 - cos govern nessun propost per partecip soprattutt tutt dar cas
97,97 - un famigl grand vittim il pensier una oggi preghier dolor
98,98 - piazz Roma drog ver üî¥ centrodestr parl ved andiam campagn
99,99 - vot non denunc sol fatt person cos si per pass
